José Silva,(31) 99337-2763
Carlos Nascimento,(21) 91547-8658
Juliana Nascimento,(51) 93178-6931
Roberto Costa,(71) 90396-8725
Juliana Silva,(41) 97702-6890
Ana Pereira,(21) 97560-4021
Juliana Silva,(81) 92921-3249
Patrícia Souza,(81) 90180-1958
Fernanda Santos,(61) 99517-8528
Juliana Costa,(81) 90925-4725
Roberto Rodrigues,(71) 98981-9184
Lucas Pereira,(91) 92695-9520
José Oliveira,(51) 99370-1687
Fernanda Souza,(81) 93991-8296
Juliana Santos,(51) 91250-2886
João Almeida,(91) 98362-1950
Roberto Ferreira,(61) 91432-1426
Maria Nascimento,(31) 99181-1893
José Souza,(71) 96556-8060
Ana Ferreira,(21) 93703-4499
Fernanda Ferreira,(81) 97831-8362
José Costa,(51) 94214-7334
Patrícia Souza,(21) 90301-6767
Ana Oliveira,(71) 93836-8764
Fernanda Ferreira,(61) 99783-2909
Lucas Silva,(81) 91371-9193
Fernanda Ferreira,(61) 93224-8465
Maria Silva,(41) 93584-5263
João Silva,(71) 92504-1698
David Janowsky,(47) 99122-8141
